,SUMLEV,REGION,DIVISION,STATE,COUNTY,ESTIMATESBASE2020,POPESTIMATE2020,POPESTIMATE2021,NPOPCHG2020,NPOPCHG2021,BIRTHS2020,BIRTHS2021,DEATHS2020,DEATHS2021,NATURALCHG2020,NATURALCHG2021,INTERNATIONALMIG2020,INTERNATIONALMIG2021,DOMESTICMIG2020,DOMESTICMIG2021,NETMIG2020,NETMIG2021,RESIDUAL2020,RESIDUAL2021,GQESTIMATESBASE2020,GQESTIMATES2020,GQESTIMATES2021,RBIRTH2021,RDEATH2021,RNATURALCHG2021,RINTERNATIONALMIG2021,RDOMESTICMIG2021,RNETMIG2021,UID,code3,first_year_cases
first_year_cases,-0.010614904,0.063745455,0.058349379,-0.022621731,-0.052209119,0.019739942,0.01974475,0.01971775,0.00274336,-0.004393107,0.01956503,0.019910329,0.019237068,0.019359654,0.010786206,0.0121122,0.018722941,0.024702901,-0.001798615,-0.009350159,-0.001207092,-0.007084084,0.005854675,-0.011478216,0.014557934,0.014557934,0.014557934,-0.050556273,-0.019001152,-0.013403184,-0.005349971,0.001365383,0.001114721,0.001080444,0.001212404,1