,FIPS,AREA_SQMI,E_TOTPOP,E_HU,E_HH,E_POV,E_UNEMP,E_PCI,E_NOHSDP,E_AGE65,E_AGE17,E_DISABL,E_SNGPNT,E_MINRTY,E_LIMENG,E_MUNIT,E_MOBILE,E_CROWD,E_NOVEH,E_GROUPQ,EP_POV,EP_UNEMP,EP_PCI,EP_NOHSDP,EP_AGE65,EP_AGE17,EP_DISABL,EP_SNGPNT,EP_MINRTY,EP_LIMENG,EP_MUNIT,EP_MOBILE,EP_CROWD,EP_NOVEH,EP_GROUPQ,EPL_POV,EPL_UNEMP,EPL_PCI,EPL_NOHSDP,SPL_THEME1,RPL_THEME1,EPL_AGE65,EPL_AGE17,EPL_DISABL,EPL_SNGPNT,SPL_THEME2,RPL_THEME2,EPL_MINRTY,EPL_LIMENG,SPL_THEME3,RPL_THEME3,EPL_MUNIT,EPL_MOBILE,EPL_CROWD,EPL_NOVEH,EPL_GROUPQ,SPL_THEME4,RPL_THEME4,SPL_THEMES,RPL_THEMES,F_POV,F_UNEMP,F_PCI,F_NOHSDP,F_THEME1,F_AGE65,F_AGE17,F_DISABL,F_SNGPNT,F_THEME2,F_MINRTY,F_LIMENG,F_THEME3,F_MUNIT,F_MOBILE,F_CROWD,F_NOVEH,F_GROUPQ,F_THEME4,F_TOTAL,E_UNINSUR,EP_UNINSUR,E_DAYPOP,Agreeableness,Belief In Science,Collectivism,Conflict Awareness,Conscientiousness,Empathy,Employment Rate,Entrepreneurship,Extraversion,Gender Equality,Hopefulness,Income Per Capita,Neuroticism,Openness,Religiosity,Risk Taking,Selflessness,Tolerance,Work Ethic
first_year_cases,-0.053688296,0.036092853,0.974528603,0.957869372,0.960614455,0.96112169,0.967647998,0.211392953,0.964941761,0.952142278,0.974232723,0.95848813,0.95910223,0.960409349,0.920253548,0.843774703,0.573151943,0.910835477,0.620574839,0.861376083,-0.052329352,0.024424694,0.211392953,-0.019242723,-0.203079613,0.056966583,-0.209054231,0.08902418,0.226613577,0.284701137,0.44470599,-0.201212133,0.150994641,0.149898571,-0.059540979,-0.043018859,0.052903926,-0.192850626,-0.012297386,-0.056813579,-0.055859611,-0.22857523,0.067309227,-0.223962386,0.107913425,-0.154621936,-0.154916179,0.214406134,0.25003231,0.262183296,0.254958127,0.307498989,-0.244933858,0.140479421,0.096320133,-0.024109674,0.115884438,0.124112435,0.040922747,0.04270874,-0.044032083,-0.032968164,-0.065907505,-0.040260698,-0.061383949,-0.070264189,0.035184472,-0.075894094,0.014241693,-0.046703225,0.182044152,0.272193369,0.273363057,0.395186183,-0.070837032,0.14733752,0.07150882,-0.063189869,0.194320768,0.096746146,0.92544562,-0.022880302,0.961775301,0.029617818,0.09935866,0.045591352,0.080952483,0.013656178,0.027155584,0.036625564,0.112858822,0.037584292,0.045003214,0.089688354,0.197774571,-0.104447404,0.178424727,-0.144987957,-0.018626379,0.028921623,0.102468944,-0.019118421